{"cameraMode":{"drawMode":0,"name":"Shaded","section":"Shading Mode"},"sceneLighting":true,"audioPlay":false,"sceneViewState":{"m_AlwaysRefresh":false,"showFog":true,"showSkybox":true,"showFlares":true,"showImageEffects":true,"showParticleSystems":true,"showVisualEffectGraphs":true,"m_FxEnabled":true},"in2DMode":false,"pivot":{"x":593.3950805664063,"y":-45.28733825683594,"z":433.09869384765627},"rotation":{"x":-0.17018279433250428,"y":-0.38801687955856326,"z":0.07314007729291916,"w":-0.9028504490852356},"size":360.34637451171877,"orthographic":false}